{"cameraMode":{"drawMode":0,"name":"Shaded","section":"Shading Mode"},"sceneLighting":false,"audioPlay":false,"sceneViewState":{"showFog":true,"showMaterialUpdate":false,"showSkybox":false,"showFlares":true,"showImageEffects":true,"showParticleSystems":true},"in2DMode":false,"pivot":{"x":5.541943550109863,"y":1.4305901527404786,"z":4.726821422576904},"rotation":{"x":0.05880573391914368,"y":0.9326890707015991,"z":-0.1772330105304718,"w":0.3090246617794037},"size":2.4772911071777345,"orthographic":false}