{"cameraMode":{"drawMode":0,"name":"Shaded","section":"Shading Mode"},"sceneLighting":false,"audioPlay":false,"sceneViewState":{"showFog":true,"showMaterialUpdate":false,"showSkybox":false,"showFlares":true,"showImageEffects":true,"showParticleSystems":true},"in2DMode":false,"pivot":{"x":-1.774999976158142,"y":1.2802150249481202,"z":-7.559999942779541},"rotation":{"x":0.23059114813804627,"y":0.03483830764889717,"z":-0.008515807799994946,"w":0.9725505709648132},"size":3.3995001316070558,"orthographic":false}