{"cameraMode":{"drawMode":0,"name":"Shaded","section":"Shading Mode"},"sceneLighting":false,"audioPlay":false,"sceneViewState":{"showFog":true,"showMaterialUpdate":false,"showSkybox":false,"showFlares":true,"showImageEffects":true,"showParticleSystems":true},"in2DMode":false,"pivot":{"x":-3.0450000762939455,"y":1.2951624393463135,"z":-3.3874154090881349},"rotation":{"x":-0.07156801223754883,"y":0.7750912308692932,"z":-0.08883774280548096,"w":-0.6217260956764221},"size":2.286329746246338,"orthographic":false}