{"cameraMode":{"drawMode":0,"name":"Shaded","section":"Shading Mode"},"sceneLighting":false,"audioPlay":false,"sceneViewState":{"showFog":true,"showMaterialUpdate":false,"showSkybox":false,"showFlares":true,"showImageEffects":true,"showParticleSystems":true},"in2DMode":false,"pivot":{"x":-10.609999656677246,"y":0.8452136516571045,"z":5.046684265136719},"rotation":{"x":-0.05678886920213699,"y":-0.7273350358009338,"z":0.060156334191560748,"w":-0.6814687848091126},"size":2.656482219696045,"orthographic":false}