{"cameraMode":{"drawMode":0,"name":"Shaded","section":"Shading Mode"},"sceneLighting":false,"audioPlay":false,"sceneViewState":{"showFog":true,"showMaterialUpdate":false,"showSkybox":false,"showFlares":true,"showImageEffects":true,"showParticleSystems":true},"in2DMode":false,"pivot":{"x":-3.74399995803833,"y":1.0540000200271607,"z":-2.4679999351501467},"rotation":{"x":0.12001360952854157,"y":0.01615903526544571,"z":-0.0017987589817494155,"w":0.9926958084106445},"size":1.4289515018463135,"orthographic":false}