{"cameraMode":{"drawMode":0,"name":"Shaded","section":"Shading Mode"},"sceneLighting":false,"audioPlay":false,"sceneViewState":{"showFog":true,"showMaterialUpdate":false,"showSkybox":false,"showFlares":true,"showImageEffects":true,"showParticleSystems":true},"in2DMode":false,"pivot":{"x":-1.8960000276565552,"y":1.0540000200271607,"z":-2.3239998817443849},"rotation":{"x":0.2653946876525879,"y":0.040367241948843,"z":-0.01093745231628418,"w":0.9633696675300598},"size":1.4289511442184449,"orthographic":false}