{"cameraMode":{"drawMode":0,"name":"Shaded","section":"Shading Mode"},"sceneLighting":false,"audioPlay":false,"sceneViewState":{"showFog":true,"showMaterialUpdate":false,"showSkybox":false,"showFlares":true,"showImageEffects":true,"showParticleSystems":true},"in2DMode":false,"pivot":{"x":5.960464477539063e-8,"y":0.08333227783441544,"z":-7.450580596923828e-8},"rotation":{"x":-0.34465545415878298,"y":-0.51047682762146,"z":0.23348765075206757,"w":-0.7525748610496521},"size":2.5045483112335207,"orthographic":false}