{"cameraMode":{"drawMode":0,"name":"Shaded","section":"Shading Mode"},"sceneLighting":false,"audioPlay":false,"sceneViewState":{"showFog":true,"showMaterialUpdate":false,"showSkybox":false,"showFlares":true,"showImageEffects":true,"showParticleSystems":true},"in2DMode":false,"pivot":{"x":5.960464477539063e-8,"y":1.0543444156646729,"z":0.05390655994415283},"rotation":{"x":-0.34465545415878298,"y":-0.51047682762146,"z":0.23348765075206757,"w":-0.7525748610496521},"size":7.051962852478027,"orthographic":false}