{"cameraMode":{"drawMode":0,"name":"Shaded","section":"Shading Mode"},"sceneLighting":false,"audioPlay":false,"sceneViewState":{"showFog":true,"showMaterialUpdate":false,"showSkybox":false,"showFlares":true,"showImageEffects":true,"showParticleSystems":true},"in2DMode":false,"pivot":{"x":-3.74399995803833,"y":1.0540000200271607,"z":-1.3370000123977662},"rotation":{"x":0.33004269003868105,"y":-0.0057621668092906479,"z":0.002223449293524027,"w":0.944085955619812},"size":1.4289515018463135,"orthographic":false}