{"cameraMode":{"drawMode":0,"name":"Shaded","section":"Shading Mode"},"sceneLighting":false,"audioPlay":false,"sceneViewState":{"showFog":true,"showMaterialUpdate":false,"showSkybox":false,"showFlares":true,"showImageEffects":true,"showParticleSystems":true},"in2DMode":false,"pivot":{"x":-5.772200107574463,"y":5.653810977935791,"z":13.789999961853028},"rotation":{"x":-0.016023648902773858,"y":0.9043549299240112,"z":-0.4255315065383911,"w":-0.03342325612902641},"size":1.7156388759613038,"orthographic":false}