{"cameraMode":{"drawMode":0,"name":"Shaded","section":"Shading Mode"},"sceneLighting":false,"audioPlay":false,"sceneViewState":{"showFog":true,"showMaterialUpdate":false,"showSkybox":false,"showFlares":true,"showImageEffects":true,"showParticleSystems":true},"in2DMode":false,"pivot":{"x":3.3299999237060549,"y":0.29600000381469729,"z":-20.23200035095215},"rotation":{"x":0.34543463587760928,"y":0.6504198908805847,"z":-0.42958393692970278,"w":0.5226984024047852},"size":9.812616348266602,"orthographic":false}