{"cameraMode":{"drawMode":0,"name":"Shaded","section":"Shading Mode"},"sceneLighting":false,"audioPlay":false,"sceneViewState":{"showFog":true,"showMaterialUpdate":false,"showSkybox":false,"showFlares":true,"showImageEffects":true,"showParticleSystems":true},"in2DMode":false,"pivot":{"x":4.96999979019165,"y":0.950357973575592,"z":4.250583648681641},"rotation":{"x":-0.15499866008758546,"y":0.4559503197669983,"z":-0.08105327188968659,"w":-0.8726895451545715},"size":1.939213514328003,"orthographic":false}